xaxis; NN-CoLiDE-NV; NN-CoLiDE-EV; NOMAD-adam; DAGMA; CoLiDE-EV; CoLiDE-NV
5.000000000000000000e+01;2.095079188996859798e-01;1.843352328779260252e-01;1.695139532462986987e-01;4.833928339403765762e-01;6.095552496021383604e-01;8.012097029863117781e-01
6.000000000000000000e+01;1.483301706778158424e-01;1.356859466298808714e-01;1.214715115294500158e-01;3.946116883029061606e-01;4.851636474668388210e-01;6.295503859671687241e-01
8.000000000000000000e+01;9.543318154165132683e-02;8.615421671680492666e-02;7.773027541984542377e-02;2.621373889235331101e-01;3.077960492021569738e-01;3.524401090134301473e-01
1.000000000000000000e+02;6.988863202133341335e-02;6.481867986165820716e-02;5.516657587626305759e-02;1.973171279417976764e-01;2.244407896418299520e-01;2.461707361979134645e-01
2.000000000000000000e+02;2.957988157424558742e-02;2.746301929890331700e-02;2.151402655936950764e-02;9.593562884346412689e-02;9.838528381252034660e-02;1.127711488100918424e-01
5.000000000000000000e+02;9.885096788324868392e-03;9.570871364484628135e-03;7.350126667298085073e-03;5.523810185621560315e-02;5.711522015552484427e-02;6.142587292562604745e-02
1.000000000000000000e+03;4.731320589249733005e-03;4.576334336299109698e-03;3.503300802629824139e-03;4.586485350694695373e-02;4.271490857687386400e-02;4.992385583097620066e-02
5.000000000000000000e+03;9.051892753679492915e-04;8.765048828944085792e-04;6.539084976707479563e-04;4.490283733091851581e-02;4.464161772311788651e-02;4.709564389905968734e-02
1.000000000000000000e+04;4.563966999978253010e-04;4.399139191770831897e-04;3.258292878510261914e-04;4.439417358409045167e-02;4.019272518771981051e-02;5.166030629802129820e-02
